{"cameraMode":{"drawMode":0,"name":"Shaded","section":"Shading Mode"},"sceneLighting":true,"audioPlay":false,"sceneViewState":{"showFog":true,"showMaterialUpdate":false,"showSkybox":true,"showFlares":true,"showImageEffects":true,"showParticleSystems":true},"in2DMode":false,"pivot":{"x":-12.261085510253907,"y":-6.154211044311523,"z":-11.87906551361084},"rotation":{"x":-0.07334945350885391,"y":0.8909826278686523,"z":-0.15552149713039399,"w":-0.4202187955379486},"size":22.29686164855957,"orthographic":false}